{
    "timestamp":  "2025-12-14T21:31:32.239561",
    "model_info":  {
                       "model_path":  "model/mlp_model_20251214_184436.pkl",
                       "model_config":  {
                                            "input_size":  61,
                                            "hidden_sizes":  [
                                                                 448,
                                                                 128,
                                                                 32
                                                             ],
                                            "num_classes":  2,
                                            "dropout":  0.30000000000000004,
                                            "activation":  "relu",
                                            "use_batch_norm":  true
                                        },
                       "test_samples":  600,
                       "optimal_threshold":  0.7899017930030823
                   },
    "metrics":  {
                    "accuracy":  0.95,
                    "precision":  0.944078947368421,
                    "recall":  0.9566666666666667,
                    "f1_score":  0.9503311258278145,
                    "roc_auc":  0.9808944444444445,
                    "average_precision":  0.9849382315995504,
                    "human_precision":  0.956081081081081,
                    "human_recall":  0.9433333333333334,
                    "human_f1":  0.9496644295302014,
                    "ai_precision":  0.944078947368421,
                    "ai_recall":  0.9566666666666667,
                    "ai_f1":  0.9503311258278145
                }
}
